board	real_s	max_rss_mb	result
DAC2020_bm01	145.09	1888	956.90 (8 unrouted and 2 violations)
DAC2020_bm02	3.36	1537	994.11 (0 unrouted and 1 violation)
DAC2020_bm04	196.09	2478	895.10 (15 unrouted and 0 violations)
DAC2020_bm05	50.76	1631	785.04 (23 unrouted and 0 violations)
DAC2020_bm06	12.93	1659	959.18 (2 unrouted and 10 violations)
DAC2020_bm07	7.62	1682	965.11 (3 unrouted and 0 violations)
DAC2020_bm08	2.83	661	1000.00 (0 unrouted and 0 violations)
DAC2020_bm09	6.87	1153	991.38 (1 unrouted and 0 violations)
DAC2020_bm10	21.52	2175	999.98 (0 unrouted and 0 violations)
DAC2020_bm11	34.61	1977	981.24 (3 unrouted and 0 violations)
CM5_MINIMA_3	2762.44	1830	959.89 (5 unrouted and 57 violations)
StickHub	40.23	1561	958.44 (7 unrouted and 13 violations)
complex_hierarchy	7.89	1728	911.50 (10 unrouted and 0 violations)
ecc83-pp	2.34	472	1000.00 (0 unrouted and 0 violations)
ecc83-pp_v2	2.88	1413	771.42 (0 unrouted and 24 violations)
interf_u	102.74	1739	938.30 (0 unrouted and 62 violations)
multichannel_mixer-unrouted	82.87	1184	84.16 (128 unrouted and 285 violations)
multichannel_mixer	62.56	1356	211.82 (160 unrouted and 0 violations)
pic_programmer	3.87	1551	998.41 (0 unrouted and 1 violation)
sonde xilinx	5.38	1516	898.50 (0 unrouted and 34 violations)
