board	real_s	max_rss_mb	time_limit_hits	result
DAC2020_bm01	959.59	1432	0	1000.00 (0 unrouted and 0 violations)
DAC2020_bm02	7.21	822	0	1000.00 (0 unrouted and 0 violations)
DAC2020_bm04	137.82	1872	0	990.68 (1 unrouted and 0 violations)
DAC2020_bm05	36.90	1052	0	862.93 (11 unrouted and 0 violations)
DAC2020_bm06	28.31	839	0	1000.00 (0 unrouted and 0 violations)
DAC2020_bm07	15.70	951	0	1000.00 (0 unrouted and 0 violations)
DAC2020_bm08	3.58	530	0	1000.00 (0 unrouted and 0 violations)
DAC2020_bm09	6.13	820	0	1000.00 (0 unrouted and 0 violations)
DAC2020_bm10	99.08	1607	1	1000.00 (0 unrouted and 0 violations)
DAC2020_bm11	21.80	1163	0	1000.00 (0 unrouted and 0 violations)
CM5_MINIMA_3	409.82	1255	0	973.91 (8 unrouted and 1 violation)
StickHub	26410.39	6446	1	
complex_hierarchy	10.49	669	0	882.01 (10 unrouted and 0 violations)
ecc83-pp	3.26	397	0	1000.00 (0 unrouted and 0 violations)
ecc83-pp_v2	3.17	510	0	992.62 (0 unrouted and 14 violations)
interf_u	97.50	1417	0	1000.00 (0 unrouted and 0 violations)
multichannel_mixer-unrouted	109.61	1036	0	208.31 (128 unrouted and 284 violations)
multichannel_mixer	69.71	983	0	141.22 (160 unrouted and 0 violations)
pic_programmer	4.70	580	0	999.77 (0 unrouted and 1 violation)
sonde xilinx	6.19	787	0	1000.00 (0 unrouted and 0 violations)
